path,category,expected_domain,source,notes,sha256
ml/data/domain_gate/adversarial/animals/adv_neg_animals_001.jpg,animals,NON_ASTRONOMICAL,ASTRA Adversarial Suite (animals),Leopard fur rosette pattern (dark background with high-contrast spot rosettes),1aa0e1509940d287bf82547b0a5c1758ab3a91514fcfd2f2f6cac1a11d90fddd
ml/data/domain_gate/adversarial/animals/adv_neg_animals_002.jpg,animals,NON_ASTRONOMICAL,ASTRA Adversarial Suite (animals),Leopard fur rosette pattern (dark background with high-contrast spot rosettes),caa3005bcd99bdffe2c78209813fd6d825472f6afa117330bb173e634eaffdbb
ml/data/domain_gate/adversarial/animals/adv_neg_animals_003.jpg,animals,NON_ASTRONOMICAL,ASTRA Adversarial Suite (animals),Leopard fur rosette pattern (dark background with high-contrast spot rosettes),a0ccb193726995609b1be56eb91d31e3d2dfaf25f8a51c1bec5c3a51d9319f2c
ml/data/domain_gate/adversarial/animals/adv_neg_animals_004.jpg,animals,NON_ASTRONOMICAL,ASTRA Adversarial Suite (animals),Leopard fur rosette pattern (dark background with high-contrast spot rosettes),bff358362b759ed4db16de3a502413753e9ff914a9f614bc153fec000a3b7675
ml/data/domain_gate/adversarial/animals/adv_neg_animals_005.jpg,animals,NON_ASTRONOMICAL,ASTRA Adversarial Suite (animals),Leopard fur rosette pattern (dark background with high-contrast spot rosettes),bb906f1f55a8e335bead3864b7276ee8d108bda71d3819acf58eb44d75ac54f8
ml/data/domain_gate/adversarial/animals/adv_neg_animals_006.jpg,animals,NON_ASTRONOMICAL,ASTRA Adversarial Suite (animals),Leopard fur rosette pattern (dark background with high-contrast spot rosettes),5c3e111993e871a1bba6260bb91aeee450ef4c9f0690cc7b5f059dc61ec81e23
ml/data/domain_gate/adversarial/animals/adv_neg_animals_007.jpg,animals,NON_ASTRONOMICAL,ASTRA Adversarial Suite (animals),Leopard fur rosette pattern (dark background with high-contrast spot rosettes),5df6cf06c8395f8002f7f4818611341a3c150cf36e01296ab377825eecf9db03
ml/data/domain_gate/adversarial/animals/adv_neg_animals_008.jpg,animals,NON_ASTRONOMICAL,ASTRA Adversarial Suite (animals),Leopard fur rosette pattern (dark background with high-contrast spot rosettes),34a2fb637e8db6d94bde014b415f0b50de3543190ba507cf5bb31f2c3143d0cd
ml/data/domain_gate/adversarial/animals/adv_neg_animals_009.jpg,animals,NON_ASTRONOMICAL,ASTRA Adversarial Suite (animals),Leopard fur rosette pattern (dark background with high-contrast spot rosettes),5262c10c8595bb61ea6aebe9761c9a81f020d96b30ee369a4dc377579a0b64c1
ml/data/domain_gate/adversarial/animals/adv_neg_animals_010.jpg,animals,NON_ASTRONOMICAL,ASTRA Adversarial Suite (animals),Leopard fur rosette pattern (dark background with high-contrast spot rosettes),02ea17925648d3d48811eced26b914fce1796be4e7d9a39c832949b4671ef078
ml/data/domain_gate/adversarial/animals/adv_neg_animals_011.jpg,animals,NON_ASTRONOMICAL,ASTRA Adversarial Suite (animals),Leopard fur rosette pattern (dark background with high-contrast spot rosettes),35220b5a7ce2db671619f926938cad2749ca169bc22290d0d590c1f5555513f7
ml/data/domain_gate/adversarial/animals/adv_neg_animals_012.jpg,animals,NON_ASTRONOMICAL,ASTRA Adversarial Suite (animals),Leopard fur rosette pattern (dark background with high-contrast spot rosettes),750bab838c987f042e078b466d938cc1c84b32015a45842a79a2cfc1c5fae041
ml/data/domain_gate/adversarial/animals/adv_neg_animals_013.jpg,animals,NON_ASTRONOMICAL,ASTRA Adversarial Suite (animals),Leopard fur rosette pattern (dark background with high-contrast spot rosettes),a427c980fe8269f6c112e8962e0c2b97c6dcf097e9da722d1f43703c5d0a5548
ml/data/domain_gate/adversarial/animals/adv_neg_animals_014.jpg,animals,NON_ASTRONOMICAL,ASTRA Adversarial Suite (animals),Leopard fur rosette pattern (dark background with high-contrast spot rosettes),5bd0aaa47c437879773ac7e25a7d0e0685fb072e2539aec2ee220b9f3df35af0
ml/data/domain_gate/adversarial/animals/adv_neg_animals_015.jpg,animals,NON_ASTRONOMICAL,ASTRA Adversarial Suite (animals),Leopard fur rosette pattern (dark background with high-contrast spot rosettes),39e1a2a7e7ab48c3bdec8ada189461868cb50b3d27ca16c953ec98e1982047ba
ml/data/domain_gate/adversarial/animals/adv_neg_animals_016.jpg,animals,NON_ASTRONOMICAL,ASTRA Adversarial Suite (animals),Leopard fur rosette pattern (dark background with high-contrast spot rosettes),81af5d826c0e7c3812014c19ea683ece4fd955eb9c4f025e9f4e5d03588f25d6
ml/data/domain_gate/adversarial/animals/adv_neg_animals_017.jpg,animals,NON_ASTRONOMICAL,ASTRA Adversarial Suite (animals),Leopard fur rosette pattern (dark background with high-contrast spot rosettes),5ebce8fd51340556f311b979ac6866fe69a4a6ddc3eb7ccedb09850d611b12ab
ml/data/domain_gate/adversarial/animals/adv_neg_animals_018.jpg,animals,NON_ASTRONOMICAL,ASTRA Adversarial Suite (animals),Leopard fur rosette pattern (dark background with high-contrast spot rosettes),48259445e541aaba124750fa264f6da2f1af2c20f183bb546e363886aff8f542
ml/data/domain_gate/adversarial/animals/adv_neg_animals_019.jpg,animals,NON_ASTRONOMICAL,ASTRA Adversarial Suite (animals),Leopard fur rosette pattern (dark background with high-contrast spot rosettes),f9f6f13d8c5ed9acc4dfa6b448ea4649c6f2b759e82e3928a6360a8d8dfdfc0b
ml/data/domain_gate/adversarial/animals/adv_neg_animals_020.jpg,animals,NON_ASTRONOMICAL,ASTRA Adversarial Suite (animals),Leopard fur rosette pattern (dark background with high-contrast spot rosettes),685a2f58ab266a649a4502778a808daf23a618f28efafbd3b6ac9bc95946343a
ml/data/domain_gate/adversarial/maps/adv_neg_maps_001.jpg,maps,NON_ASTRONOMICAL,ASTRA Adversarial Suite (maps),Weather rainfall radar map (dark ocean background with bright thermal contours),dfab7b677c7133cf015687761f161650186e0344b8d9e39323c5089db081bf23
ml/data/domain_gate/adversarial/maps/adv_neg_maps_002.jpg,maps,NON_ASTRONOMICAL,ASTRA Adversarial Suite (maps),Weather rainfall radar map (dark ocean background with bright thermal contours),0541b103e079b0a33e6184d4744c54e3fc1ecb9a5120afc8c69a06aa079f3382
ml/data/domain_gate/adversarial/maps/adv_neg_maps_003.jpg,maps,NON_ASTRONOMICAL,ASTRA Adversarial Suite (maps),Weather rainfall radar map (dark ocean background with bright thermal contours),b87f1855c262649b26ae49326e7f4f38d4efaebf45f3f29bcc7a4c573a6eb9c3
ml/data/domain_gate/adversarial/maps/adv_neg_maps_004.jpg,maps,NON_ASTRONOMICAL,ASTRA Adversarial Suite (maps),Weather rainfall radar map (dark ocean background with bright thermal contours),b4327de41fab90caa61de9816c47a4eb01096dbd246e42026016f3b0fdcecc90
ml/data/domain_gate/adversarial/maps/adv_neg_maps_005.jpg,maps,NON_ASTRONOMICAL,ASTRA Adversarial Suite (maps),Weather rainfall radar map (dark ocean background with bright thermal contours),04a24a772bb20fc948ce9c8bb42ebfdd5c616cd915d4c366db72ee123093c9c2
ml/data/domain_gate/adversarial/maps/adv_neg_maps_006.jpg,maps,NON_ASTRONOMICAL,ASTRA Adversarial Suite (maps),Weather rainfall radar map (dark ocean background with bright thermal contours),b3b8735200ceabfd3a05d4eaded58b6def755c1b0553269cc2ab445fc839fc5d
ml/data/domain_gate/adversarial/maps/adv_neg_maps_007.jpg,maps,NON_ASTRONOMICAL,ASTRA Adversarial Suite (maps),Weather rainfall radar map (dark ocean background with bright thermal contours),3a911ee676610648a2ceef97da0fe51262dcbc42144a5a3fc042016d303f2e27
ml/data/domain_gate/adversarial/maps/adv_neg_maps_008.jpg,maps,NON_ASTRONOMICAL,ASTRA Adversarial Suite (maps),Weather rainfall radar map (dark ocean background with bright thermal contours),cfc5af747b1c4eb1b56f610d43cda8069b5a325f4df8fb0f47935556cc2d041b
ml/data/domain_gate/adversarial/maps/adv_neg_maps_009.jpg,maps,NON_ASTRONOMICAL,ASTRA Adversarial Suite (maps),Weather rainfall radar map (dark ocean background with bright thermal contours),de889d30421c3491eb33fa09d107534ee9093489938e937ebc68f472dcbb040b
ml/data/domain_gate/adversarial/maps/adv_neg_maps_010.jpg,maps,NON_ASTRONOMICAL,ASTRA Adversarial Suite (maps),Weather rainfall radar map (dark ocean background with bright thermal contours),873d0eb7e0c96d35f6351db25fa83bc5b628d6180282f463bc90d8969a4aeb2d
ml/data/domain_gate/adversarial/maps/adv_neg_maps_011.jpg,maps,NON_ASTRONOMICAL,ASTRA Adversarial Suite (maps),Weather rainfall radar map (dark ocean background with bright thermal contours),a6ccd44cb493e85d2f9d0a639d71624ce1c8b3bdbb72fc5cc6c415138f6a275e
ml/data/domain_gate/adversarial/maps/adv_neg_maps_012.jpg,maps,NON_ASTRONOMICAL,ASTRA Adversarial Suite (maps),Weather rainfall radar map (dark ocean background with bright thermal contours),899bd6ac92e0c60dc431406fa0b817e045a370fc771506746e6ee3eb9deacd83
ml/data/domain_gate/adversarial/maps/adv_neg_maps_013.jpg,maps,NON_ASTRONOMICAL,ASTRA Adversarial Suite (maps),Weather rainfall radar map (dark ocean background with bright thermal contours),77ef9d6abfa886dfe510486885d8406e74c6f2fc7a0f0c249207810b7ec4a3b4
ml/data/domain_gate/adversarial/maps/adv_neg_maps_014.jpg,maps,NON_ASTRONOMICAL,ASTRA Adversarial Suite (maps),Weather rainfall radar map (dark ocean background with bright thermal contours),ce25be291fcd687ebfc355e6b47687bd9612ffecdc9e24fe37d8a83a10555b8f
ml/data/domain_gate/adversarial/maps/adv_neg_maps_015.jpg,maps,NON_ASTRONOMICAL,ASTRA Adversarial Suite (maps),Weather rainfall radar map (dark ocean background with bright thermal contours),b33e7d33341667d8cb980af551049c23ee2164f19d86bada807f66b72ee72b3c
ml/data/domain_gate/adversarial/maps/adv_neg_maps_016.jpg,maps,NON_ASTRONOMICAL,ASTRA Adversarial Suite (maps),Weather rainfall radar map (dark ocean background with bright thermal contours),cb843c01540e58c92522430f492ce825d20bf0d764390a2ad2951be0c8013fc4
ml/data/domain_gate/adversarial/maps/adv_neg_maps_017.jpg,maps,NON_ASTRONOMICAL,ASTRA Adversarial Suite (maps),Weather rainfall radar map (dark ocean background with bright thermal contours),a7510bfddb0ca548bd39df5eb3fa09d4cfbf0eec96cf7b0f98964169467ee910
ml/data/domain_gate/adversarial/maps/adv_neg_maps_018.jpg,maps,NON_ASTRONOMICAL,ASTRA Adversarial Suite (maps),Weather rainfall radar map (dark ocean background with bright thermal contours),78a0a80130e5bf2537c14344b8089b7ed17c87f86ca991f2fdd4baf9a0969454
ml/data/domain_gate/adversarial/maps/adv_neg_maps_019.jpg,maps,NON_ASTRONOMICAL,ASTRA Adversarial Suite (maps),Weather rainfall radar map (dark ocean background with bright thermal contours),9a88ab2e37486e4f2a32650fc776597902cd3e1fc5381e72dca4837ffcaa7b9e
ml/data/domain_gate/adversarial/maps/adv_neg_maps_020.jpg,maps,NON_ASTRONOMICAL,ASTRA Adversarial Suite (maps),Weather rainfall radar map (dark ocean background with bright thermal contours),edf7642b5f1ff8a42ee880cb6a7132e4ac149e3e70f7d8f42f3f86711a9af7e4
ml/data/domain_gate/adversarial/terrestrial_scenes/adv_neg_terrestrial_scenes_001.jpg,terrestrial_scenes,NON_ASTRONOMICAL,ASTRA Adversarial Suite (terrestrial_scenes),Night cityscape skyline with bright illuminated windows on dark background,9d31c82aa78591b5dbc05b994edc633dad90c542a3628c83b3c6047c2a8468ce
ml/data/domain_gate/adversarial/terrestrial_scenes/adv_neg_terrestrial_scenes_002.jpg,terrestrial_scenes,NON_ASTRONOMICAL,ASTRA Adversarial Suite (terrestrial_scenes),Night cityscape skyline with bright illuminated windows on dark background,989222142215867c317f39c81ec97e8a9f27669a83aa8137e440a61b5000cace
ml/data/domain_gate/adversarial/terrestrial_scenes/adv_neg_terrestrial_scenes_003.jpg,terrestrial_scenes,NON_ASTRONOMICAL,ASTRA Adversarial Suite (terrestrial_scenes),Night cityscape skyline with bright illuminated windows on dark background,b4e8068e4e3b6bbff10e8128db29a6b8214058a61df86aee4ad8d9ca5139730c
ml/data/domain_gate/adversarial/terrestrial_scenes/adv_neg_terrestrial_scenes_004.jpg,terrestrial_scenes,NON_ASTRONOMICAL,ASTRA Adversarial Suite (terrestrial_scenes),Night cityscape skyline with bright illuminated windows on dark background,c61df11ade1979847463081b6dc2a8be0655373bc1a4f467821d1649db3de3cd
ml/data/domain_gate/adversarial/terrestrial_scenes/adv_neg_terrestrial_scenes_005.jpg,terrestrial_scenes,NON_ASTRONOMICAL,ASTRA Adversarial Suite (terrestrial_scenes),Night cityscape skyline with bright illuminated windows on dark background,1f4011da64054f9ae3cb7c422b048885dff6b899705986a0dd52b18dc79f313e
ml/data/domain_gate/adversarial/terrestrial_scenes/adv_neg_terrestrial_scenes_006.jpg,terrestrial_scenes,NON_ASTRONOMICAL,ASTRA Adversarial Suite (terrestrial_scenes),Night cityscape skyline with bright illuminated windows on dark background,66c033ac0501155d5b163b5bc4e91419e17b21a5c212eb7472f977a1fa284677
ml/data/domain_gate/adversarial/terrestrial_scenes/adv_neg_terrestrial_scenes_007.jpg,terrestrial_scenes,NON_ASTRONOMICAL,ASTRA Adversarial Suite (terrestrial_scenes),Night cityscape skyline with bright illuminated windows on dark background,91660ae01d19850a0808d1eb021be11d6f96a48c3f5a16cbca3d045e48a9b67b
ml/data/domain_gate/adversarial/terrestrial_scenes/adv_neg_terrestrial_scenes_008.jpg,terrestrial_scenes,NON_ASTRONOMICAL,ASTRA Adversarial Suite (terrestrial_scenes),Night cityscape skyline with bright illuminated windows on dark background,29b5d5adb23a6ecb88dbe0be7732aea2e5167c79de9b9916b99b0e12f3956ecc
ml/data/domain_gate/adversarial/terrestrial_scenes/adv_neg_terrestrial_scenes_009.jpg,terrestrial_scenes,NON_ASTRONOMICAL,ASTRA Adversarial Suite (terrestrial_scenes),Night cityscape skyline with bright illuminated windows on dark background,f4ce6e352e7123ace0f66a268b3992c02172be4e59dcbe02b2c34d9d627a8e14
ml/data/domain_gate/adversarial/terrestrial_scenes/adv_neg_terrestrial_scenes_010.jpg,terrestrial_scenes,NON_ASTRONOMICAL,ASTRA Adversarial Suite (terrestrial_scenes),Night cityscape skyline with bright illuminated windows on dark background,b0c6f734d53423ca55ee3f7f47603c47dcabeb6960f876a13f2d048b5d7e6d3a
ml/data/domain_gate/adversarial/terrestrial_scenes/adv_neg_terrestrial_scenes_011.jpg,terrestrial_scenes,NON_ASTRONOMICAL,ASTRA Adversarial Suite (terrestrial_scenes),Night cityscape skyline with bright illuminated windows on dark background,7847123217f915000ef43c2899c91eb0be4002a93e5af548054db3919d95d5ae
ml/data/domain_gate/adversarial/terrestrial_scenes/adv_neg_terrestrial_scenes_012.jpg,terrestrial_scenes,NON_ASTRONOMICAL,ASTRA Adversarial Suite (terrestrial_scenes),Night cityscape skyline with bright illuminated windows on dark background,69f9529b790b62375a7dc8db5678f36075c27c378f6057c0834714ac2bbb6d24
ml/data/domain_gate/adversarial/terrestrial_scenes/adv_neg_terrestrial_scenes_013.jpg,terrestrial_scenes,NON_ASTRONOMICAL,ASTRA Adversarial Suite (terrestrial_scenes),Night cityscape skyline with bright illuminated windows on dark background,3a97bee0e4bc27a2d630deaf09f35d1c3b10312cd3c58c30a960d97690f1ee14
ml/data/domain_gate/adversarial/terrestrial_scenes/adv_neg_terrestrial_scenes_014.jpg,terrestrial_scenes,NON_ASTRONOMICAL,ASTRA Adversarial Suite (terrestrial_scenes),Night cityscape skyline with bright illuminated windows on dark background,1a3daba3007cfa7942b8dab2105b094fdb5197b3b8311060781ca00720f24944
ml/data/domain_gate/adversarial/terrestrial_scenes/adv_neg_terrestrial_scenes_015.jpg,terrestrial_scenes,NON_ASTRONOMICAL,ASTRA Adversarial Suite (terrestrial_scenes),Night cityscape skyline with bright illuminated windows on dark background,bb16992ad3e6f5918740ed2274cc317412941f3adf6f6b665f60f16031ea0c58
ml/data/domain_gate/adversarial/terrestrial_scenes/adv_neg_terrestrial_scenes_016.jpg,terrestrial_scenes,NON_ASTRONOMICAL,ASTRA Adversarial Suite (terrestrial_scenes),Night cityscape skyline with bright illuminated windows on dark background,382383fe9c57c8b4688b00cc40ee091b848e828d107afb7db6cf61eb7f526b9e
ml/data/domain_gate/adversarial/terrestrial_scenes/adv_neg_terrestrial_scenes_017.jpg,terrestrial_scenes,NON_ASTRONOMICAL,ASTRA Adversarial Suite (terrestrial_scenes),Night cityscape skyline with bright illuminated windows on dark background,93819acd92ab02d585e949b271b90c90a391f2b359fbcfedeb6c1c4c0a622ee9
ml/data/domain_gate/adversarial/terrestrial_scenes/adv_neg_terrestrial_scenes_018.jpg,terrestrial_scenes,NON_ASTRONOMICAL,ASTRA Adversarial Suite (terrestrial_scenes),Night cityscape skyline with bright illuminated windows on dark background,52cf7cf1b657b0eeeb682651c7fd476aa5a3dcbf27a4abc0d167621b8125269f
ml/data/domain_gate/adversarial/terrestrial_scenes/adv_neg_terrestrial_scenes_019.jpg,terrestrial_scenes,NON_ASTRONOMICAL,ASTRA Adversarial Suite (terrestrial_scenes),Night cityscape skyline with bright illuminated windows on dark background,067323b559ea86370a7e020fdea54305745d7988c32455b306a14d956db0a1d8
ml/data/domain_gate/adversarial/terrestrial_scenes/adv_neg_terrestrial_scenes_020.jpg,terrestrial_scenes,NON_ASTRONOMICAL,ASTRA Adversarial Suite (terrestrial_scenes),Night cityscape skyline with bright illuminated windows on dark background,05576879a6152d6bd08289f3817f1bd109f99c65373ce86ce83ecbf5718a4673
ml/data/domain_gate/adversarial/night_sky/adv_neg_night_sky_001.jpg,night_sky,NON_ASTRONOMICAL,ASTRA Adversarial Suite (night_sky),Terrestrial night sky photo featuring streetlight sodium glow and tree silhouettes,17e507fc25889f4a82e68eb1ee5d742f0c0afb3d2082d248c02db59520c40c53
ml/data/domain_gate/adversarial/night_sky/adv_neg_night_sky_002.jpg,night_sky,NON_ASTRONOMICAL,ASTRA Adversarial Suite (night_sky),Terrestrial night sky photo featuring streetlight sodium glow and tree silhouettes,cde891c42c7af5b81a7803931f98b051dc82ecff14e266f4bc5b67f6920ad9e1
ml/data/domain_gate/adversarial/night_sky/adv_neg_night_sky_003.jpg,night_sky,NON_ASTRONOMICAL,ASTRA Adversarial Suite (night_sky),Terrestrial night sky photo featuring streetlight sodium glow and tree silhouettes,f818b0a4cc80f214d26eddc66c2e4e52182cc61cacfe625b4d5761bfbfd465a2
ml/data/domain_gate/adversarial/night_sky/adv_neg_night_sky_004.jpg,night_sky,NON_ASTRONOMICAL,ASTRA Adversarial Suite (night_sky),Terrestrial night sky photo featuring streetlight sodium glow and tree silhouettes,366f65e8c03dcfbffc76ba36bb8ccb169906e92df9d9a783667ce281a14cef7b
ml/data/domain_gate/adversarial/night_sky/adv_neg_night_sky_005.jpg,night_sky,NON_ASTRONOMICAL,ASTRA Adversarial Suite (night_sky),Terrestrial night sky photo featuring streetlight sodium glow and tree silhouettes,f44eb4f49e0fd67ae378b46819fa8056edf1691db1131953a7c45aa4c75ed553
ml/data/domain_gate/adversarial/night_sky/adv_neg_night_sky_006.jpg,night_sky,NON_ASTRONOMICAL,ASTRA Adversarial Suite (night_sky),Terrestrial night sky photo featuring streetlight sodium glow and tree silhouettes,edc5c69aff7e04764a544e3e5ffcd4371292690644e23637896cb0be34c8bfa1
ml/data/domain_gate/adversarial/night_sky/adv_neg_night_sky_007.jpg,night_sky,NON_ASTRONOMICAL,ASTRA Adversarial Suite (night_sky),Terrestrial night sky photo featuring streetlight sodium glow and tree silhouettes,78bab3a64c87fb156c2f31208d8872ee48e88e74f4ca516219af96690c06ad85
ml/data/domain_gate/adversarial/night_sky/adv_neg_night_sky_008.jpg,night_sky,NON_ASTRONOMICAL,ASTRA Adversarial Suite (night_sky),Terrestrial night sky photo featuring streetlight sodium glow and tree silhouettes,4ffc6e1fd5d0b8c28d8488a4148066b7075056006d85d2fe2292af25fcb31abc
ml/data/domain_gate/adversarial/night_sky/adv_neg_night_sky_009.jpg,night_sky,NON_ASTRONOMICAL,ASTRA Adversarial Suite (night_sky),Terrestrial night sky photo featuring streetlight sodium glow and tree silhouettes,87140b2a49cd5e9dd8be71f21c8ba8b03650c041fdb2e0bea1719d3c5cb58bfe
ml/data/domain_gate/adversarial/night_sky/adv_neg_night_sky_010.jpg,night_sky,NON_ASTRONOMICAL,ASTRA Adversarial Suite (night_sky),Terrestrial night sky photo featuring streetlight sodium glow and tree silhouettes,c66f091610fc0515c1666d6ec0c1497d0eb4f83843e33035bbecd76f3f07a270
ml/data/domain_gate/adversarial/night_sky/adv_neg_night_sky_011.jpg,night_sky,NON_ASTRONOMICAL,ASTRA Adversarial Suite (night_sky),Terrestrial night sky photo featuring streetlight sodium glow and tree silhouettes,5103131ec89832d09fd7d9c5f1e8ac37a513b8d8612d7fca6ac52b415b22fb40
ml/data/domain_gate/adversarial/night_sky/adv_neg_night_sky_012.jpg,night_sky,NON_ASTRONOMICAL,ASTRA Adversarial Suite (night_sky),Terrestrial night sky photo featuring streetlight sodium glow and tree silhouettes,6b5bbb8a50718d0c2ac208f80468284849ab86f78a71129e730ea42007c8a160
ml/data/domain_gate/adversarial/night_sky/adv_neg_night_sky_013.jpg,night_sky,NON_ASTRONOMICAL,ASTRA Adversarial Suite (night_sky),Terrestrial night sky photo featuring streetlight sodium glow and tree silhouettes,0220be6962a1f795fbe1cb0efb5c26573d345fd15f8bb8778a9656f499dbb39b
ml/data/domain_gate/adversarial/night_sky/adv_neg_night_sky_014.jpg,night_sky,NON_ASTRONOMICAL,ASTRA Adversarial Suite (night_sky),Terrestrial night sky photo featuring streetlight sodium glow and tree silhouettes,a9e8a2b4d50533c11d9792a4880ac4b78f2f6d87915562ffc27d21f91f2c5e5c
ml/data/domain_gate/adversarial/night_sky/adv_neg_night_sky_015.jpg,night_sky,NON_ASTRONOMICAL,ASTRA Adversarial Suite (night_sky),Terrestrial night sky photo featuring streetlight sodium glow and tree silhouettes,46ebd2a5f3ec540d842792256a02b36857f3b3d608c64447ba02dc4be2bd1531
ml/data/domain_gate/adversarial/night_sky/adv_neg_night_sky_016.jpg,night_sky,NON_ASTRONOMICAL,ASTRA Adversarial Suite (night_sky),Terrestrial night sky photo featuring streetlight sodium glow and tree silhouettes,5f176b1b15b8f23e99979180874386249f41822e3dfce5626bc20306ae85c9cd
ml/data/domain_gate/adversarial/night_sky/adv_neg_night_sky_017.jpg,night_sky,NON_ASTRONOMICAL,ASTRA Adversarial Suite (night_sky),Terrestrial night sky photo featuring streetlight sodium glow and tree silhouettes,995cf5ecc437e532878239663d3e3dce46611303a5fd58a55026457d80366b61
ml/data/domain_gate/adversarial/night_sky/adv_neg_night_sky_018.jpg,night_sky,NON_ASTRONOMICAL,ASTRA Adversarial Suite (night_sky),Terrestrial night sky photo featuring streetlight sodium glow and tree silhouettes,17753113b0fd7fb2b05efbda87b957818174207a10d41fb3a11057043f315d98
ml/data/domain_gate/adversarial/night_sky/adv_neg_night_sky_019.jpg,night_sky,NON_ASTRONOMICAL,ASTRA Adversarial Suite (night_sky),Terrestrial night sky photo featuring streetlight sodium glow and tree silhouettes,a62c921d601ddf6d198d266bc897910833f5014688ce2bb87b7f428debe9972f
ml/data/domain_gate/adversarial/night_sky/adv_neg_night_sky_020.jpg,night_sky,NON_ASTRONOMICAL,ASTRA Adversarial Suite (night_sky),Terrestrial night sky photo featuring streetlight sodium glow and tree silhouettes,e4c07c1f47a2e0fa863313266d70fe35a437507861a56f5da282c1dcb91e8880
ml/data/domain_gate/adversarial/space_art/adv_neg_space_art_001.jpg,space_art,NON_ASTRONOMICAL,ASTRA Adversarial Suite (space_art),Sci-Fi space artwork (neon planetary ring illustration with saturated cyan planet),f42c9294059d8bb54dca187fc4a3e446437592a4d9ebbc659a5fa507ccf87e4c
ml/data/domain_gate/adversarial/space_art/adv_neg_space_art_002.jpg,space_art,NON_ASTRONOMICAL,ASTRA Adversarial Suite (space_art),Sci-Fi space artwork (neon planetary ring illustration with saturated cyan planet),3da5a6c1719036c1d3020133946523cb68efb85b819809c356291ad315523131
ml/data/domain_gate/adversarial/space_art/adv_neg_space_art_003.jpg,space_art,NON_ASTRONOMICAL,ASTRA Adversarial Suite (space_art),Sci-Fi space artwork (neon planetary ring illustration with saturated cyan planet),e736935e2dab5bb2b3cb91796d14e0d429f0184d5a0f02f47cbfcdeafdc2a57b
ml/data/domain_gate/adversarial/space_art/adv_neg_space_art_004.jpg,space_art,NON_ASTRONOMICAL,ASTRA Adversarial Suite (space_art),Sci-Fi space artwork (neon planetary ring illustration with saturated cyan planet),3fa2c4a7459e316e3629527b1d4c1bd89ad5a845711a8d40c16da060b624e7b0
ml/data/domain_gate/adversarial/space_art/adv_neg_space_art_005.jpg,space_art,NON_ASTRONOMICAL,ASTRA Adversarial Suite (space_art),Sci-Fi space artwork (neon planetary ring illustration with saturated cyan planet),faf2195c3c12e626ff8487cb90a407aebde01ad6c9f21088cdd5590ce90e161a
ml/data/domain_gate/adversarial/space_art/adv_neg_space_art_006.jpg,space_art,NON_ASTRONOMICAL,ASTRA Adversarial Suite (space_art),Sci-Fi space artwork (neon planetary ring illustration with saturated cyan planet),24fbdcf34779cbc02e5d632c0598e1344ecf47dd7125fea10484f0e9cab24942
ml/data/domain_gate/adversarial/space_art/adv_neg_space_art_007.jpg,space_art,NON_ASTRONOMICAL,ASTRA Adversarial Suite (space_art),Sci-Fi space artwork (neon planetary ring illustration with saturated cyan planet),0c2291e95d7d79a6bf51aa81124bc52fabb835d8b48fe1228144bb8e9122b29e
ml/data/domain_gate/adversarial/space_art/adv_neg_space_art_008.jpg,space_art,NON_ASTRONOMICAL,ASTRA Adversarial Suite (space_art),Sci-Fi space artwork (neon planetary ring illustration with saturated cyan planet),da78545efec1fcf853f0a1e170a248941dbf26afa9845ba65ea4fa4f8310dbb6
ml/data/domain_gate/adversarial/space_art/adv_neg_space_art_009.jpg,space_art,NON_ASTRONOMICAL,ASTRA Adversarial Suite (space_art),Sci-Fi space artwork (neon planetary ring illustration with saturated cyan planet),902d8fe2339c3164b83d318857a304935154294d294d885b40fe498f01148ebd
ml/data/domain_gate/adversarial/space_art/adv_neg_space_art_010.jpg,space_art,NON_ASTRONOMICAL,ASTRA Adversarial Suite (space_art),Sci-Fi space artwork (neon planetary ring illustration with saturated cyan planet),a5c3e5474b7fe56a685b9cf386fac217e123a11f703fe9d065c7ea9eec3527a3
ml/data/domain_gate/adversarial/space_art/adv_neg_space_art_011.jpg,space_art,NON_ASTRONOMICAL,ASTRA Adversarial Suite (space_art),Sci-Fi space artwork (neon planetary ring illustration with saturated cyan planet),2f47fb18051d3073adfbe05bbafb455f8ae5f510f40a56c936200b92148ffde6
ml/data/domain_gate/adversarial/space_art/adv_neg_space_art_012.jpg,space_art,NON_ASTRONOMICAL,ASTRA Adversarial Suite (space_art),Sci-Fi space artwork (neon planetary ring illustration with saturated cyan planet),61411db4e6d4eb7be28a3d85940f0187b411c5d06e04a9a213a40b69ab794ce9
ml/data/domain_gate/adversarial/space_art/adv_neg_space_art_013.jpg,space_art,NON_ASTRONOMICAL,ASTRA Adversarial Suite (space_art),Sci-Fi space artwork (neon planetary ring illustration with saturated cyan planet),6bee79a524fcb9214e3a590f8554cf8d55ae26d788f662e3ec20cb067f5fc574
ml/data/domain_gate/adversarial/space_art/adv_neg_space_art_014.jpg,space_art,NON_ASTRONOMICAL,ASTRA Adversarial Suite (space_art),Sci-Fi space artwork (neon planetary ring illustration with saturated cyan planet),c0cd5b01f4ef30b1b61d138280f03052ea7bc437db9e22bca4dd0f27e436145e
ml/data/domain_gate/adversarial/space_art/adv_neg_space_art_015.jpg,space_art,NON_ASTRONOMICAL,ASTRA Adversarial Suite (space_art),Sci-Fi space artwork (neon planetary ring illustration with saturated cyan planet),46ed3821799e038ccf5d02000ee9a3d0c4e837314fd1bf7ecb148b2c540592a1
ml/data/domain_gate/adversarial/space_art/adv_neg_space_art_016.jpg,space_art,NON_ASTRONOMICAL,ASTRA Adversarial Suite (space_art),Sci-Fi space artwork (neon planetary ring illustration with saturated cyan planet),57e0cbef470bfe68ddb09b88bbff57f1b7d7f0c193e66755d2760c3c7a3ade12
ml/data/domain_gate/adversarial/space_art/adv_neg_space_art_017.jpg,space_art,NON_ASTRONOMICAL,ASTRA Adversarial Suite (space_art),Sci-Fi space artwork (neon planetary ring illustration with saturated cyan planet),a1c6ac0693a6f7584de485df9aa1394518a8e172e9e4ad5ee4a4a911456c5c70
ml/data/domain_gate/adversarial/space_art/adv_neg_space_art_018.jpg,space_art,NON_ASTRONOMICAL,ASTRA Adversarial Suite (space_art),Sci-Fi space artwork (neon planetary ring illustration with saturated cyan planet),7bd4321f2797bccf07351c5370456516f06dddc7ebd534d850f1210432098dbb
ml/data/domain_gate/adversarial/space_art/adv_neg_space_art_019.jpg,space_art,NON_ASTRONOMICAL,ASTRA Adversarial Suite (space_art),Sci-Fi space artwork (neon planetary ring illustration with saturated cyan planet),2f5911bcc14679cab7f18c1a9ff67e6a6a8fc9f153dedc9a48eb0ba4e136b780
ml/data/domain_gate/adversarial/space_art/adv_neg_space_art_020.jpg,space_art,NON_ASTRONOMICAL,ASTRA Adversarial Suite (space_art),Sci-Fi space artwork (neon planetary ring illustration with saturated cyan planet),c1949248976067fb9400e2b05728a086638504918152bfa8d81530c25bbdc445
ml/data/domain_gate/adversarial/satellite_earth/adv_neg_satellite_earth_001.jpg,satellite_earth,NON_ASTRONOMICAL,ASTRA Adversarial Suite (satellite_earth),Earth satellite view at night (metropolitan city lighting network on dark Earth sphere),4f0d6de3649e2c7d4c10a9cc8b3f9c0bace56b10417c33aeeb6d51335a2575ed
ml/data/domain_gate/adversarial/satellite_earth/adv_neg_satellite_earth_002.jpg,satellite_earth,NON_ASTRONOMICAL,ASTRA Adversarial Suite (satellite_earth),Earth satellite view at night (metropolitan city lighting network on dark Earth sphere),b7dbd5299077ce433086bca320754a352c277477ad4b9afbd3825d2500827716
ml/data/domain_gate/adversarial/satellite_earth/adv_neg_satellite_earth_003.jpg,satellite_earth,NON_ASTRONOMICAL,ASTRA Adversarial Suite (satellite_earth),Earth satellite view at night (metropolitan city lighting network on dark Earth sphere),471009d1d2c567fd78bbb447771c2d162867168af0769d35f1afbc49c1b1852a
ml/data/domain_gate/adversarial/satellite_earth/adv_neg_satellite_earth_004.jpg,satellite_earth,NON_ASTRONOMICAL,ASTRA Adversarial Suite (satellite_earth),Earth satellite view at night (metropolitan city lighting network on dark Earth sphere),bffe9b48445315f5aefdde1db755389bc182bf8329983b52361caa65d6ec8222
ml/data/domain_gate/adversarial/satellite_earth/adv_neg_satellite_earth_005.jpg,satellite_earth,NON_ASTRONOMICAL,ASTRA Adversarial Suite (satellite_earth),Earth satellite view at night (metropolitan city lighting network on dark Earth sphere),dd0f61d76498ed83f56d04e7ea50d06f9f61375cdab5dbbeb360fe09004fff64
ml/data/domain_gate/adversarial/satellite_earth/adv_neg_satellite_earth_006.jpg,satellite_earth,NON_ASTRONOMICAL,ASTRA Adversarial Suite (satellite_earth),Earth satellite view at night (metropolitan city lighting network on dark Earth sphere),11ec7eba61a774271440535bb5ce74fedae9a1f84321e953b0c3a06cb76dca38
ml/data/domain_gate/adversarial/satellite_earth/adv_neg_satellite_earth_007.jpg,satellite_earth,NON_ASTRONOMICAL,ASTRA Adversarial Suite (satellite_earth),Earth satellite view at night (metropolitan city lighting network on dark Earth sphere),37c0c567606e788071291fba89be104ecf5d01560372b40b046bd581c9a14b63
ml/data/domain_gate/adversarial/satellite_earth/adv_neg_satellite_earth_008.jpg,satellite_earth,NON_ASTRONOMICAL,ASTRA Adversarial Suite (satellite_earth),Earth satellite view at night (metropolitan city lighting network on dark Earth sphere),31a5d2299c729d7ff8a73b22294a3410e8a440c76d668dbb16d9d8ca549224a0
ml/data/domain_gate/adversarial/satellite_earth/adv_neg_satellite_earth_009.jpg,satellite_earth,NON_ASTRONOMICAL,ASTRA Adversarial Suite (satellite_earth),Earth satellite view at night (metropolitan city lighting network on dark Earth sphere),bb964e9a22b195d4f7ffe78a8498103e90533eaf6592a88d6d8f9e2ba5960a63
ml/data/domain_gate/adversarial/satellite_earth/adv_neg_satellite_earth_010.jpg,satellite_earth,NON_ASTRONOMICAL,ASTRA Adversarial Suite (satellite_earth),Earth satellite view at night (metropolitan city lighting network on dark Earth sphere),8235fcd86b1caa662b2b0da7fa22cb95eec9eef2808bc93a92ec7b0619eabca0
ml/data/domain_gate/adversarial/satellite_earth/adv_neg_satellite_earth_011.jpg,satellite_earth,NON_ASTRONOMICAL,ASTRA Adversarial Suite (satellite_earth),Earth satellite view at night (metropolitan city lighting network on dark Earth sphere),ea8908254d0a2ca5b90803743a58a778df7a8454447920f523283e758c42bd48
ml/data/domain_gate/adversarial/satellite_earth/adv_neg_satellite_earth_012.jpg,satellite_earth,NON_ASTRONOMICAL,ASTRA Adversarial Suite (satellite_earth),Earth satellite view at night (metropolitan city lighting network on dark Earth sphere),6f65ace498528bc37bb27c8e0a059ab30d8ab9b31c829ae67c25e5e6a63a6727
ml/data/domain_gate/adversarial/satellite_earth/adv_neg_satellite_earth_013.jpg,satellite_earth,NON_ASTRONOMICAL,ASTRA Adversarial Suite (satellite_earth),Earth satellite view at night (metropolitan city lighting network on dark Earth sphere),3ddcf0c1aece62b0174e879918d635a649f14d00aff22ae8ef07d966443830ab
ml/data/domain_gate/adversarial/satellite_earth/adv_neg_satellite_earth_014.jpg,satellite_earth,NON_ASTRONOMICAL,ASTRA Adversarial Suite (satellite_earth),Earth satellite view at night (metropolitan city lighting network on dark Earth sphere),8d43312c369d30c619dc827763a07d60929ebdf6dc15b06e571d610747db37d6
ml/data/domain_gate/adversarial/satellite_earth/adv_neg_satellite_earth_015.jpg,satellite_earth,NON_ASTRONOMICAL,ASTRA Adversarial Suite (satellite_earth),Earth satellite view at night (metropolitan city lighting network on dark Earth sphere),f6519ea634a0411c25ce8c796138fca5818fc604011453942785753cdb76907c
ml/data/domain_gate/adversarial/satellite_earth/adv_neg_satellite_earth_016.jpg,satellite_earth,NON_ASTRONOMICAL,ASTRA Adversarial Suite (satellite_earth),Earth satellite view at night (metropolitan city lighting network on dark Earth sphere),b09fe9d2e193efce407daffa77ef5eb10e826ec2a948c89951854e2ff725e606
ml/data/domain_gate/adversarial/satellite_earth/adv_neg_satellite_earth_017.jpg,satellite_earth,NON_ASTRONOMICAL,ASTRA Adversarial Suite (satellite_earth),Earth satellite view at night (metropolitan city lighting network on dark Earth sphere),ff23287f06f33e9564d1bf58190989500c830dff16292ced2eea8e3d4667fdea
ml/data/domain_gate/adversarial/satellite_earth/adv_neg_satellite_earth_018.jpg,satellite_earth,NON_ASTRONOMICAL,ASTRA Adversarial Suite (satellite_earth),Earth satellite view at night (metropolitan city lighting network on dark Earth sphere),af776aceec796004425cb7f9690c81f813ce9d95e89ec51e6b09ab68c1d022c6
ml/data/domain_gate/adversarial/satellite_earth/adv_neg_satellite_earth_019.jpg,satellite_earth,NON_ASTRONOMICAL,ASTRA Adversarial Suite (satellite_earth),Earth satellite view at night (metropolitan city lighting network on dark Earth sphere),c96969d8952f1d2aa52055497663edf6f5d3288c730a5c582db0cb674259d270
ml/data/domain_gate/adversarial/satellite_earth/adv_neg_satellite_earth_020.jpg,satellite_earth,NON_ASTRONOMICAL,ASTRA Adversarial Suite (satellite_earth),Earth satellite view at night (metropolitan city lighting network on dark Earth sphere),f5c59d09ee1dbd49a1d47e85bd7cdebda5eb1ee4eb1ab0021ffb0bc933a3532a
ml/data/domain_gate/adversarial/screenshots/adv_neg_screenshots_001.jpg,screenshots,NON_ASTRONOMICAL,ASTRA Adversarial Suite (screenshots),Dark mode IDE screenshot (dark code editor UI with syntax highlighting bars),57b0dd36bc830b6fe2e1c62712d9cd96301f4ff10e9efce295156457984d656d
ml/data/domain_gate/adversarial/screenshots/adv_neg_screenshots_002.jpg,screenshots,NON_ASTRONOMICAL,ASTRA Adversarial Suite (screenshots),Dark mode IDE screenshot (dark code editor UI with syntax highlighting bars),6bee6da42630c200033b0e98eeb95066593877a5d2848ef3f4159bbcbcf979d5
ml/data/domain_gate/adversarial/screenshots/adv_neg_screenshots_003.jpg,screenshots,NON_ASTRONOMICAL,ASTRA Adversarial Suite (screenshots),Dark mode IDE screenshot (dark code editor UI with syntax highlighting bars),7793e215cb5592f7a0c547626922b456a84918b27929a45ee6c02d070f03d411
ml/data/domain_gate/adversarial/screenshots/adv_neg_screenshots_004.jpg,screenshots,NON_ASTRONOMICAL,ASTRA Adversarial Suite (screenshots),Dark mode IDE screenshot (dark code editor UI with syntax highlighting bars),312c6646bc3e55ce5d8bab78f8670b75c768e724f1afb1c06cbd90fddd848cff
ml/data/domain_gate/adversarial/screenshots/adv_neg_screenshots_005.jpg,screenshots,NON_ASTRONOMICAL,ASTRA Adversarial Suite (screenshots),Dark mode IDE screenshot (dark code editor UI with syntax highlighting bars),e0f198ac9e890936db22e8e1f1f86e81266cec64033e580272afbb0530c617c2
ml/data/domain_gate/adversarial/screenshots/adv_neg_screenshots_006.jpg,screenshots,NON_ASTRONOMICAL,ASTRA Adversarial Suite (screenshots),Dark mode IDE screenshot (dark code editor UI with syntax highlighting bars),7a1ef388e7277bf6d21fd6560921becc0450cedb970b7c94fbb7eb1b28ac0d0c
ml/data/domain_gate/adversarial/screenshots/adv_neg_screenshots_007.jpg,screenshots,NON_ASTRONOMICAL,ASTRA Adversarial Suite (screenshots),Dark mode IDE screenshot (dark code editor UI with syntax highlighting bars),6219d8cf2e85619c4e0c1029990ab216e5239ed18223ae7a385b8096c99fdab3
ml/data/domain_gate/adversarial/screenshots/adv_neg_screenshots_008.jpg,screenshots,NON_ASTRONOMICAL,ASTRA Adversarial Suite (screenshots),Dark mode IDE screenshot (dark code editor UI with syntax highlighting bars),be5010b76e98e18592f10373c72f1c399992b34ba218ab07e2e4c15089f5498f
ml/data/domain_gate/adversarial/screenshots/adv_neg_screenshots_009.jpg,screenshots,NON_ASTRONOMICAL,ASTRA Adversarial Suite (screenshots),Dark mode IDE screenshot (dark code editor UI with syntax highlighting bars),5a2663bb296af9933decb486b154d9549e4b0ef185df46fdf60ebf1db4908bda
ml/data/domain_gate/adversarial/screenshots/adv_neg_screenshots_010.jpg,screenshots,NON_ASTRONOMICAL,ASTRA Adversarial Suite (screenshots),Dark mode IDE screenshot (dark code editor UI with syntax highlighting bars),aaf914dd57bcc0421da536252cb6bb32ec13798631002e57fce7b7c587c0ffee
ml/data/domain_gate/adversarial/screenshots/adv_neg_screenshots_011.jpg,screenshots,NON_ASTRONOMICAL,ASTRA Adversarial Suite (screenshots),Dark mode IDE screenshot (dark code editor UI with syntax highlighting bars),8190fc1dc842912cfa02823886feef2ec58caa58ea1314892adc2d7b7b3f9336
ml/data/domain_gate/adversarial/screenshots/adv_neg_screenshots_012.jpg,screenshots,NON_ASTRONOMICAL,ASTRA Adversarial Suite (screenshots),Dark mode IDE screenshot (dark code editor UI with syntax highlighting bars),4e3ec52d80958ae597a9263ba8be1bf40df071659ebc2dd0369e7038a00da170
ml/data/domain_gate/adversarial/screenshots/adv_neg_screenshots_013.jpg,screenshots,NON_ASTRONOMICAL,ASTRA Adversarial Suite (screenshots),Dark mode IDE screenshot (dark code editor UI with syntax highlighting bars),64c19e7fc81f3f8e30933f1db83723e623e6a3e8f125186d34e6f4e84006f036
ml/data/domain_gate/adversarial/screenshots/adv_neg_screenshots_014.jpg,screenshots,NON_ASTRONOMICAL,ASTRA Adversarial Suite (screenshots),Dark mode IDE screenshot (dark code editor UI with syntax highlighting bars),096185bd41d090cc700d784ee0834259c69f16f4adc1a2aee7fe1bb7639d660c
ml/data/domain_gate/adversarial/screenshots/adv_neg_screenshots_015.jpg,screenshots,NON_ASTRONOMICAL,ASTRA Adversarial Suite (screenshots),Dark mode IDE screenshot (dark code editor UI with syntax highlighting bars),26d2b6d78a47fe933d1955c94af3387aed8a440ccd10dde3ce9065c82acfc88e
ml/data/domain_gate/adversarial/screenshots/adv_neg_screenshots_016.jpg,screenshots,NON_ASTRONOMICAL,ASTRA Adversarial Suite (screenshots),Dark mode IDE screenshot (dark code editor UI with syntax highlighting bars),f1f4668f1abe15e335df2bce0e32d0e9f3ee8b1eca0c9564f0a7b34a3279e11a
ml/data/domain_gate/adversarial/screenshots/adv_neg_screenshots_017.jpg,screenshots,NON_ASTRONOMICAL,ASTRA Adversarial Suite (screenshots),Dark mode IDE screenshot (dark code editor UI with syntax highlighting bars),d5ce0507ea3f00644b7a8df717b95fc3a59bd2526c0e355844ccf9ca7b6ce844
ml/data/domain_gate/adversarial/screenshots/adv_neg_screenshots_018.jpg,screenshots,NON_ASTRONOMICAL,ASTRA Adversarial Suite (screenshots),Dark mode IDE screenshot (dark code editor UI with syntax highlighting bars),aa313e05ca17a38e778eb8ffe6125eee13d1dcf80059b8e90b53e3c4aa4b8f27
ml/data/domain_gate/adversarial/screenshots/adv_neg_screenshots_019.jpg,screenshots,NON_ASTRONOMICAL,ASTRA Adversarial Suite (screenshots),Dark mode IDE screenshot (dark code editor UI with syntax highlighting bars),4e9e9d6333e4e4391b0ee93367b8209ea3a3b234ccd05169fd0477b082d1b8fb
ml/data/domain_gate/adversarial/screenshots/adv_neg_screenshots_020.jpg,screenshots,NON_ASTRONOMICAL,ASTRA Adversarial Suite (screenshots),Dark mode IDE screenshot (dark code editor UI with syntax highlighting bars),41c83a3362200ef3b63f58597f04037845a84c12ec62b49753075fc553891e5e
ml/data/domain_gate/adversarial/scientific_graphics/adv_neg_scientific_graphics_001.jpg,scientific_graphics,NON_ASTRONOMICAL,ASTRA Adversarial Suite (scientific_graphics),Dark-themed scientific scatter plot (black background with gridlines and colored data nodes),6a35c494391a99580818482b91962ca86e082e07eb3c4df32ba580c430d2879b
ml/data/domain_gate/adversarial/scientific_graphics/adv_neg_scientific_graphics_002.jpg,scientific_graphics,NON_ASTRONOMICAL,ASTRA Adversarial Suite (scientific_graphics),Dark-themed scientific scatter plot (black background with gridlines and colored data nodes),57dedf75975f00bb677ac9c1c85a7652cc4127bdb62ad9de937a1ce613af1605
ml/data/domain_gate/adversarial/scientific_graphics/adv_neg_scientific_graphics_003.jpg,scientific_graphics,NON_ASTRONOMICAL,ASTRA Adversarial Suite (scientific_graphics),Dark-themed scientific scatter plot (black background with gridlines and colored data nodes),3a74027aaedb5a5b0d6d801aa4da4273aa8c7c0e388cc08240e0ab74c8096fc7
ml/data/domain_gate/adversarial/scientific_graphics/adv_neg_scientific_graphics_004.jpg,scientific_graphics,NON_ASTRONOMICAL,ASTRA Adversarial Suite (scientific_graphics),Dark-themed scientific scatter plot (black background with gridlines and colored data nodes),7209367aab7f43511e97fa06cba62219f981fb2b14c6475c99bb92d12d76c1d2
ml/data/domain_gate/adversarial/scientific_graphics/adv_neg_scientific_graphics_005.jpg,scientific_graphics,NON_ASTRONOMICAL,ASTRA Adversarial Suite (scientific_graphics),Dark-themed scientific scatter plot (black background with gridlines and colored data nodes),a9d89d7ffe687790fef662ad40c37220ad9e57b036cc4a75faca23f87351457d
ml/data/domain_gate/adversarial/scientific_graphics/adv_neg_scientific_graphics_006.jpg,scientific_graphics,NON_ASTRONOMICAL,ASTRA Adversarial Suite (scientific_graphics),Dark-themed scientific scatter plot (black background with gridlines and colored data nodes),51131e7091b717b680ea6546bc74941bd8aaea9f15da168e7c42d136244368ed
ml/data/domain_gate/adversarial/scientific_graphics/adv_neg_scientific_graphics_007.jpg,scientific_graphics,NON_ASTRONOMICAL,ASTRA Adversarial Suite (scientific_graphics),Dark-themed scientific scatter plot (black background with gridlines and colored data nodes),8f28445c44e7643d5d27945165d58943dfcd84229a003fdccda9c67264e7b2d4
ml/data/domain_gate/adversarial/scientific_graphics/adv_neg_scientific_graphics_008.jpg,scientific_graphics,NON_ASTRONOMICAL,ASTRA Adversarial Suite (scientific_graphics),Dark-themed scientific scatter plot (black background with gridlines and colored data nodes),00cd3870db7cfe25be6d5f6bec820ce7c9345e3e0fa1829efb32c3b185f93237
ml/data/domain_gate/adversarial/scientific_graphics/adv_neg_scientific_graphics_009.jpg,scientific_graphics,NON_ASTRONOMICAL,ASTRA Adversarial Suite (scientific_graphics),Dark-themed scientific scatter plot (black background with gridlines and colored data nodes),b23911f4d6fa7ea54a48fdbc14f0f64c8617b3c647a53e07d852cdf0a82f917a
ml/data/domain_gate/adversarial/scientific_graphics/adv_neg_scientific_graphics_010.jpg,scientific_graphics,NON_ASTRONOMICAL,ASTRA Adversarial Suite (scientific_graphics),Dark-themed scientific scatter plot (black background with gridlines and colored data nodes),356368541859a9f29261c8b023e9380b8e0dcd846bfebe3d8db8bd172c81e193
ml/data/domain_gate/adversarial/scientific_graphics/adv_neg_scientific_graphics_011.jpg,scientific_graphics,NON_ASTRONOMICAL,ASTRA Adversarial Suite (scientific_graphics),Dark-themed scientific scatter plot (black background with gridlines and colored data nodes),1a88d35d406a1630665111c0270070877b8317e8462d51b133035487900492a6
ml/data/domain_gate/adversarial/scientific_graphics/adv_neg_scientific_graphics_012.jpg,scientific_graphics,NON_ASTRONOMICAL,ASTRA Adversarial Suite (scientific_graphics),Dark-themed scientific scatter plot (black background with gridlines and colored data nodes),fd727203484541cc6d39af99aafae1b817ada72e7401826406f5ed1cfc841ca8
ml/data/domain_gate/adversarial/scientific_graphics/adv_neg_scientific_graphics_013.jpg,scientific_graphics,NON_ASTRONOMICAL,ASTRA Adversarial Suite (scientific_graphics),Dark-themed scientific scatter plot (black background with gridlines and colored data nodes),0468d48d4c5de2853c4db3b558bb4f1f4e0c0802ff08a188d2c354b69b67055b
ml/data/domain_gate/adversarial/scientific_graphics/adv_neg_scientific_graphics_014.jpg,scientific_graphics,NON_ASTRONOMICAL,ASTRA Adversarial Suite (scientific_graphics),Dark-themed scientific scatter plot (black background with gridlines and colored data nodes),6178575ac0dcc530a2833e2f2724fca8fdf79f9a31dff77a25a9a6d2c9beac54
ml/data/domain_gate/adversarial/scientific_graphics/adv_neg_scientific_graphics_015.jpg,scientific_graphics,NON_ASTRONOMICAL,ASTRA Adversarial Suite (scientific_graphics),Dark-themed scientific scatter plot (black background with gridlines and colored data nodes),da89cb0947fde389aa4243302ae0022384ab0e7acecde0599c84291429b2e1bd
ml/data/domain_gate/adversarial/scientific_graphics/adv_neg_scientific_graphics_016.jpg,scientific_graphics,NON_ASTRONOMICAL,ASTRA Adversarial Suite (scientific_graphics),Dark-themed scientific scatter plot (black background with gridlines and colored data nodes),5a59b6030eddc4ce559da19fb7afd15bb51275816bd2c68f3ee71edd0376ada0
ml/data/domain_gate/adversarial/scientific_graphics/adv_neg_scientific_graphics_017.jpg,scientific_graphics,NON_ASTRONOMICAL,ASTRA Adversarial Suite (scientific_graphics),Dark-themed scientific scatter plot (black background with gridlines and colored data nodes),af20b31fa6ef5855dc080fb33eff8b1d08832e884f7345620e6ebd56fb976dc3
ml/data/domain_gate/adversarial/scientific_graphics/adv_neg_scientific_graphics_018.jpg,scientific_graphics,NON_ASTRONOMICAL,ASTRA Adversarial Suite (scientific_graphics),Dark-themed scientific scatter plot (black background with gridlines and colored data nodes),2f8495b7d0d3017250af030740ad2b844e3bed8dfe5bb38f0340e8a54e18a805
ml/data/domain_gate/adversarial/scientific_graphics/adv_neg_scientific_graphics_019.jpg,scientific_graphics,NON_ASTRONOMICAL,ASTRA Adversarial Suite (scientific_graphics),Dark-themed scientific scatter plot (black background with gridlines and colored data nodes),3e3c07dead86f935ade58a92a3d05b2aebe4492c569bbbb078058c18bc4b5d74
ml/data/domain_gate/adversarial/scientific_graphics/adv_neg_scientific_graphics_020.jpg,scientific_graphics,NON_ASTRONOMICAL,ASTRA Adversarial Suite (scientific_graphics),Dark-themed scientific scatter plot (black background with gridlines and colored data nodes),8fee3ee5dea97f56e323ebde4f74ec35d6eeb2ce67140b7c779afa9155c838e5
ml/data/domain_gate/adversarial/telescope_equipment/adv_neg_telescope_equipment_001.jpg,telescope_equipment,NON_ASTRONOMICAL,ASTRA Adversarial Suite (telescope_equipment),Telescope observatory dome silhouette against evening sky,a85f398ebe489e7eacbb9cb8b381edf0a7dc710a2ebf6f342d86bca8ae931c47
ml/data/domain_gate/adversarial/telescope_equipment/adv_neg_telescope_equipment_002.jpg,telescope_equipment,NON_ASTRONOMICAL,ASTRA Adversarial Suite (telescope_equipment),Telescope observatory dome silhouette against evening sky,bee820d80c14485a33e62f03244deb4c1440013a8baa880864f0931852f97e1d
ml/data/domain_gate/adversarial/telescope_equipment/adv_neg_telescope_equipment_003.jpg,telescope_equipment,NON_ASTRONOMICAL,ASTRA Adversarial Suite (telescope_equipment),Telescope observatory dome silhouette against evening sky,5b8d2c760b961934b910897485e2ab18fa7f2cb5d1bdb9c57907acd794b4c72e
ml/data/domain_gate/adversarial/telescope_equipment/adv_neg_telescope_equipment_004.jpg,telescope_equipment,NON_ASTRONOMICAL,ASTRA Adversarial Suite (telescope_equipment),Telescope observatory dome silhouette against evening sky,2c42105096e674c22ce89e4acdaa6c3da340afdc26f048033fb1200340e2c56a
ml/data/domain_gate/adversarial/telescope_equipment/adv_neg_telescope_equipment_005.jpg,telescope_equipment,NON_ASTRONOMICAL,ASTRA Adversarial Suite (telescope_equipment),Telescope observatory dome silhouette against evening sky,1e1f24b905007added84c353737d9707ad9bdb54e1fd96841ae4f8f24ee0c8e8
ml/data/domain_gate/adversarial/telescope_equipment/adv_neg_telescope_equipment_006.jpg,telescope_equipment,NON_ASTRONOMICAL,ASTRA Adversarial Suite (telescope_equipment),Telescope observatory dome silhouette against evening sky,7b8a8cd5df8c08cec81d5f8ae9cb3c4a1b866ebf87294a6283ee6a66af7ff381
ml/data/domain_gate/adversarial/telescope_equipment/adv_neg_telescope_equipment_007.jpg,telescope_equipment,NON_ASTRONOMICAL,ASTRA Adversarial Suite (telescope_equipment),Telescope observatory dome silhouette against evening sky,c9308c8049b2e5d840198c64a788344af94e0d1267b0379fd99eb40d6e447cba
ml/data/domain_gate/adversarial/telescope_equipment/adv_neg_telescope_equipment_008.jpg,telescope_equipment,NON_ASTRONOMICAL,ASTRA Adversarial Suite (telescope_equipment),Telescope observatory dome silhouette against evening sky,4ad6fd2edd59832da236c9ec7af7d9a86957e5cf217a959668404f6cedc3bdc8
ml/data/domain_gate/adversarial/telescope_equipment/adv_neg_telescope_equipment_009.jpg,telescope_equipment,NON_ASTRONOMICAL,ASTRA Adversarial Suite (telescope_equipment),Telescope observatory dome silhouette against evening sky,cae919aeb1e795916d2fc947aa40026a7aa88ecf966cdfe32f207cf53ca17ca6
ml/data/domain_gate/adversarial/telescope_equipment/adv_neg_telescope_equipment_010.jpg,telescope_equipment,NON_ASTRONOMICAL,ASTRA Adversarial Suite (telescope_equipment),Telescope observatory dome silhouette against evening sky,d6fa359fdd4ac96bd61a29bd344d35e83eee415b37b253e754aa53db42643a12
ml/data/domain_gate/adversarial/telescope_equipment/adv_neg_telescope_equipment_011.jpg,telescope_equipment,NON_ASTRONOMICAL,ASTRA Adversarial Suite (telescope_equipment),Telescope observatory dome silhouette against evening sky,11b3520eb4dce63f02c4fe0809ac61e08e2124dec9bbf29aceff8b5f25332d4f
ml/data/domain_gate/adversarial/telescope_equipment/adv_neg_telescope_equipment_012.jpg,telescope_equipment,NON_ASTRONOMICAL,ASTRA Adversarial Suite (telescope_equipment),Telescope observatory dome silhouette against evening sky,c7e967c3f61a1ba2368157839c1cb552d48808619b81db25882f82ade43f9074
ml/data/domain_gate/adversarial/telescope_equipment/adv_neg_telescope_equipment_013.jpg,telescope_equipment,NON_ASTRONOMICAL,ASTRA Adversarial Suite (telescope_equipment),Telescope observatory dome silhouette against evening sky,2f1f3dd80482d033a49eed13381c0e6e06d4820a4959c59b2ca9c1366752c062
ml/data/domain_gate/adversarial/telescope_equipment/adv_neg_telescope_equipment_014.jpg,telescope_equipment,NON_ASTRONOMICAL,ASTRA Adversarial Suite (telescope_equipment),Telescope observatory dome silhouette against evening sky,3daa071c4a9f779504b4eb1eedc013e74623f7db280f7178099db858077cc1c6
ml/data/domain_gate/adversarial/telescope_equipment/adv_neg_telescope_equipment_015.jpg,telescope_equipment,NON_ASTRONOMICAL,ASTRA Adversarial Suite (telescope_equipment),Telescope observatory dome silhouette against evening sky,3272e3fcd1263a0c896ef748f3ff2601f17c8fca9f49bb7cba50bb5030622b5d
ml/data/domain_gate/adversarial/telescope_equipment/adv_neg_telescope_equipment_016.jpg,telescope_equipment,NON_ASTRONOMICAL,ASTRA Adversarial Suite (telescope_equipment),Telescope observatory dome silhouette against evening sky,838575b08d7f53c0ddcbfc0f09b3ea3ec8f77c11422ac000f6a4901ce2670ac0
ml/data/domain_gate/adversarial/telescope_equipment/adv_neg_telescope_equipment_017.jpg,telescope_equipment,NON_ASTRONOMICAL,ASTRA Adversarial Suite (telescope_equipment),Telescope observatory dome silhouette against evening sky,de2220d85ddc65d40509d7d2832632001ec01b60dafbaa694853c1e708bde712
ml/data/domain_gate/adversarial/telescope_equipment/adv_neg_telescope_equipment_018.jpg,telescope_equipment,NON_ASTRONOMICAL,ASTRA Adversarial Suite (telescope_equipment),Telescope observatory dome silhouette against evening sky,5d5f804c9ac916563f33110e6b63d5b343269734bdb4bf09f1eb408dcb52e2e4
ml/data/domain_gate/adversarial/telescope_equipment/adv_neg_telescope_equipment_019.jpg,telescope_equipment,NON_ASTRONOMICAL,ASTRA Adversarial Suite (telescope_equipment),Telescope observatory dome silhouette against evening sky,c1be0a09194bd18a2a3f917cdde18e5047c07a18a486930c87b6b05cd60957ed
ml/data/domain_gate/adversarial/telescope_equipment/adv_neg_telescope_equipment_020.jpg,telescope_equipment,NON_ASTRONOMICAL,ASTRA Adversarial Suite (telescope_equipment),Telescope observatory dome silhouette against evening sky,e8544354e37f6e3fdeb00bbdc7faba2e1a55ece880635541feb120744da19065
ml/data/domain_gate/adversarial/planetary_illustrations/adv_neg_planetary_illustrations_001.jpg,planetary_illustrations,NON_ASTRONOMICAL,ASTRA Adversarial Suite (planetary_illustrations),Planetary CGI illustration (Gas giant sphere with atmospheric cloud bands on black sky),e99e29008b504fca3e3ae472ddf72d37c980198af20e9db939d9cae3ce09f07a
ml/data/domain_gate/adversarial/planetary_illustrations/adv_neg_planetary_illustrations_002.jpg,planetary_illustrations,NON_ASTRONOMICAL,ASTRA Adversarial Suite (planetary_illustrations),Planetary CGI illustration (Gas giant sphere with atmospheric cloud bands on black sky),e4fe8e3e986dd9513d3bde1acc2556ca35cdf3fb02463aeacf3b489fcb7f6383
ml/data/domain_gate/adversarial/planetary_illustrations/adv_neg_planetary_illustrations_003.jpg,planetary_illustrations,NON_ASTRONOMICAL,ASTRA Adversarial Suite (planetary_illustrations),Planetary CGI illustration (Gas giant sphere with atmospheric cloud bands on black sky),593a4c5bc394874851f1cbef40e78017e3f1fd07f4cfe819ca61bb4e3e75947c
ml/data/domain_gate/adversarial/planetary_illustrations/adv_neg_planetary_illustrations_004.jpg,planetary_illustrations,NON_ASTRONOMICAL,ASTRA Adversarial Suite (planetary_illustrations),Planetary CGI illustration (Gas giant sphere with atmospheric cloud bands on black sky),c14b8cce900f477a6012c59fdaf67a8d8979b2e50b63e5e3aa41cbb9b2cc4fca
ml/data/domain_gate/adversarial/planetary_illustrations/adv_neg_planetary_illustrations_005.jpg,planetary_illustrations,NON_ASTRONOMICAL,ASTRA Adversarial Suite (planetary_illustrations),Planetary CGI illustration (Gas giant sphere with atmospheric cloud bands on black sky),0f05d4b6e0fd68774f76cf671030a33d3cd7ffeb9b9a76a930f5f4fa6cf9d9aa
ml/data/domain_gate/adversarial/planetary_illustrations/adv_neg_planetary_illustrations_006.jpg,planetary_illustrations,NON_ASTRONOMICAL,ASTRA Adversarial Suite (planetary_illustrations),Planetary CGI illustration (Gas giant sphere with atmospheric cloud bands on black sky),c05c1e48e38f52eee6837026d5c4637ae93e5b7ed59dac81bde9eeb904ad2bb6
ml/data/domain_gate/adversarial/planetary_illustrations/adv_neg_planetary_illustrations_007.jpg,planetary_illustrations,NON_ASTRONOMICAL,ASTRA Adversarial Suite (planetary_illustrations),Planetary CGI illustration (Gas giant sphere with atmospheric cloud bands on black sky),9d60e2a1ad1c3c06a0a737d0e4675f948177d5764f0c2741f41307be60deddb0
ml/data/domain_gate/adversarial/planetary_illustrations/adv_neg_planetary_illustrations_008.jpg,planetary_illustrations,NON_ASTRONOMICAL,ASTRA Adversarial Suite (planetary_illustrations),Planetary CGI illustration (Gas giant sphere with atmospheric cloud bands on black sky),c3aec1852f709552dada4fa5bb8cceee5ae34b6476835f2ae8cad51a7ec21b80
ml/data/domain_gate/adversarial/planetary_illustrations/adv_neg_planetary_illustrations_009.jpg,planetary_illustrations,NON_ASTRONOMICAL,ASTRA Adversarial Suite (planetary_illustrations),Planetary CGI illustration (Gas giant sphere with atmospheric cloud bands on black sky),1e367635b400e73e967bf28b441ee01657aa4bd58d48ed33618c8da9a122d68a
ml/data/domain_gate/adversarial/planetary_illustrations/adv_neg_planetary_illustrations_010.jpg,planetary_illustrations,NON_ASTRONOMICAL,ASTRA Adversarial Suite (planetary_illustrations),Planetary CGI illustration (Gas giant sphere with atmospheric cloud bands on black sky),d10b12d917495abbc3430d4e3ab5168843bdb3be6a535fb4e1b3f541c31662da
ml/data/domain_gate/adversarial/planetary_illustrations/adv_neg_planetary_illustrations_011.jpg,planetary_illustrations,NON_ASTRONOMICAL,ASTRA Adversarial Suite (planetary_illustrations),Planetary CGI illustration (Gas giant sphere with atmospheric cloud bands on black sky),e1107f1192d9a029ae01a06aadd2c2c20fde923451ca8da9c12882ee4284ecf0
ml/data/domain_gate/adversarial/planetary_illustrations/adv_neg_planetary_illustrations_012.jpg,planetary_illustrations,NON_ASTRONOMICAL,ASTRA Adversarial Suite (planetary_illustrations),Planetary CGI illustration (Gas giant sphere with atmospheric cloud bands on black sky),0c0b5306860fe00985771d5bea2a8ec8f18504d86cb81967a7aaf381448eb199
ml/data/domain_gate/adversarial/planetary_illustrations/adv_neg_planetary_illustrations_013.jpg,planetary_illustrations,NON_ASTRONOMICAL,ASTRA Adversarial Suite (planetary_illustrations),Planetary CGI illustration (Gas giant sphere with atmospheric cloud bands on black sky),3124e00eb08e4d5f68f7b0026f735b7dffa88ccb44ad339791d0652be0dcba36
ml/data/domain_gate/adversarial/planetary_illustrations/adv_neg_planetary_illustrations_014.jpg,planetary_illustrations,NON_ASTRONOMICAL,ASTRA Adversarial Suite (planetary_illustrations),Planetary CGI illustration (Gas giant sphere with atmospheric cloud bands on black sky),66cc8716fcbc36dfb3e95fe577691e4be3876756ed3f98a152d9de9d4b87d432
ml/data/domain_gate/adversarial/planetary_illustrations/adv_neg_planetary_illustrations_015.jpg,planetary_illustrations,NON_ASTRONOMICAL,ASTRA Adversarial Suite (planetary_illustrations),Planetary CGI illustration (Gas giant sphere with atmospheric cloud bands on black sky),12e719b829eaedbcddcde5fd6f8052be8b2bbe40dd1bdadb3940653bd178684b
ml/data/domain_gate/adversarial/planetary_illustrations/adv_neg_planetary_illustrations_016.jpg,planetary_illustrations,NON_ASTRONOMICAL,ASTRA Adversarial Suite (planetary_illustrations),Planetary CGI illustration (Gas giant sphere with atmospheric cloud bands on black sky),42c6b013f23ac19aadaec51e3afa9c0d03a3d456d6a628a5fd8b5e9bb7474cef
ml/data/domain_gate/adversarial/planetary_illustrations/adv_neg_planetary_illustrations_017.jpg,planetary_illustrations,NON_ASTRONOMICAL,ASTRA Adversarial Suite (planetary_illustrations),Planetary CGI illustration (Gas giant sphere with atmospheric cloud bands on black sky),2289ec00a2484d056314987162c3ad3313d111c8b7411c08f38a957ce38132eb
ml/data/domain_gate/adversarial/planetary_illustrations/adv_neg_planetary_illustrations_018.jpg,planetary_illustrations,NON_ASTRONOMICAL,ASTRA Adversarial Suite (planetary_illustrations),Planetary CGI illustration (Gas giant sphere with atmospheric cloud bands on black sky),4a91cf0b4a70ed81b864256555b4ee82376123c46e33518cfdde4e4207e9da89
ml/data/domain_gate/adversarial/planetary_illustrations/adv_neg_planetary_illustrations_019.jpg,planetary_illustrations,NON_ASTRONOMICAL,ASTRA Adversarial Suite (planetary_illustrations),Planetary CGI illustration (Gas giant sphere with atmospheric cloud bands on black sky),292aa98097233270d16c2bee4b2bfc912dfb65da6f2fd9c54bacbb57661072a6
ml/data/domain_gate/adversarial/planetary_illustrations/adv_neg_planetary_illustrations_020.jpg,planetary_illustrations,NON_ASTRONOMICAL,ASTRA Adversarial Suite (planetary_illustrations),Planetary CGI illustration (Gas giant sphere with atmospheric cloud bands on black sky),51045079fde8fd8e6276fc0c2345ed82e0f4de75ce9abf5b978f849d288370a1
ml/data/domain_gate/adversarial/vehicles/adv_neg_vehicles_001.jpg,vehicles,NON_ASTRONOMICAL,ASTRA Adversarial Suite (vehicles),Night vehicle photo (bright car headlight flares and glare rings on dark highway),f9f64e99df548ddc8d0f1c19214cefa07c25e622ed94e8cede2134851e29b4fc
ml/data/domain_gate/adversarial/vehicles/adv_neg_vehicles_002.jpg,vehicles,NON_ASTRONOMICAL,ASTRA Adversarial Suite (vehicles),Night vehicle photo (bright car headlight flares and glare rings on dark highway),35eee07eb593acfcb902483067001bb57ba289e2e3bf87f62a4ace02f315f257
ml/data/domain_gate/adversarial/vehicles/adv_neg_vehicles_003.jpg,vehicles,NON_ASTRONOMICAL,ASTRA Adversarial Suite (vehicles),Night vehicle photo (bright car headlight flares and glare rings on dark highway),48decbeccd987a50f04b8362433f1963963f59214eca401ee57809941ad9fab9
ml/data/domain_gate/adversarial/vehicles/adv_neg_vehicles_004.jpg,vehicles,NON_ASTRONOMICAL,ASTRA Adversarial Suite (vehicles),Night vehicle photo (bright car headlight flares and glare rings on dark highway),45208fbe3586155afa1677b3d37a92bdba2041ef6cbd20ee62163de0ea159256
ml/data/domain_gate/adversarial/vehicles/adv_neg_vehicles_005.jpg,vehicles,NON_ASTRONOMICAL,ASTRA Adversarial Suite (vehicles),Night vehicle photo (bright car headlight flares and glare rings on dark highway),ac8ad22d31a322d736573eccfb044229bf5a4b4ec103ea5e66bd8540a72e0d31
ml/data/domain_gate/adversarial/vehicles/adv_neg_vehicles_006.jpg,vehicles,NON_ASTRONOMICAL,ASTRA Adversarial Suite (vehicles),Night vehicle photo (bright car headlight flares and glare rings on dark highway),210f3a7a84089fdf8a75201e287eedf08f8d362f2df62bea1cd32ed1aa31c129
ml/data/domain_gate/adversarial/vehicles/adv_neg_vehicles_007.jpg,vehicles,NON_ASTRONOMICAL,ASTRA Adversarial Suite (vehicles),Night vehicle photo (bright car headlight flares and glare rings on dark highway),be17a97b73fdb44d06b19529f5b417e3fd0aaa28ba9111daa3c11489504f5da5
ml/data/domain_gate/adversarial/vehicles/adv_neg_vehicles_008.jpg,vehicles,NON_ASTRONOMICAL,ASTRA Adversarial Suite (vehicles),Night vehicle photo (bright car headlight flares and glare rings on dark highway),6fc92f42154e8b37f8d8f6e25d19d81244c17916dee7b5af4239cf1d134ff571
ml/data/domain_gate/adversarial/vehicles/adv_neg_vehicles_009.jpg,vehicles,NON_ASTRONOMICAL,ASTRA Adversarial Suite (vehicles),Night vehicle photo (bright car headlight flares and glare rings on dark highway),829075fed45a97c35785df8ab24c7098d6598bb1dd0bce78a4bd040a93e05556
ml/data/domain_gate/adversarial/vehicles/adv_neg_vehicles_010.jpg,vehicles,NON_ASTRONOMICAL,ASTRA Adversarial Suite (vehicles),Night vehicle photo (bright car headlight flares and glare rings on dark highway),5801ac9664ad6074261ba85a3d557f436fd48d173ef327e6ee0c5b49c5a98699
ml/data/domain_gate/adversarial/vehicles/adv_neg_vehicles_011.jpg,vehicles,NON_ASTRONOMICAL,ASTRA Adversarial Suite (vehicles),Night vehicle photo (bright car headlight flares and glare rings on dark highway),f8b92ea7cb65356950ad4c92b3b35dff08ac5ab022e662e1170361a811f66334
ml/data/domain_gate/adversarial/vehicles/adv_neg_vehicles_012.jpg,vehicles,NON_ASTRONOMICAL,ASTRA Adversarial Suite (vehicles),Night vehicle photo (bright car headlight flares and glare rings on dark highway),d93bf18dc149723170ed08ee4b4835db519f84e707d34e3daad5e73c27e59611
ml/data/domain_gate/adversarial/vehicles/adv_neg_vehicles_013.jpg,vehicles,NON_ASTRONOMICAL,ASTRA Adversarial Suite (vehicles),Night vehicle photo (bright car headlight flares and glare rings on dark highway),045dad55e8d4112c041fa4869b8fad8143aa3637788fcece6eca4466b38bdfa2
ml/data/domain_gate/adversarial/vehicles/adv_neg_vehicles_014.jpg,vehicles,NON_ASTRONOMICAL,ASTRA Adversarial Suite (vehicles),Night vehicle photo (bright car headlight flares and glare rings on dark highway),36fe3a42eea9e697af6abdd1eb15961872e3c07770d317e8a6c13d274ce0bc63
ml/data/domain_gate/adversarial/vehicles/adv_neg_vehicles_015.jpg,vehicles,NON_ASTRONOMICAL,ASTRA Adversarial Suite (vehicles),Night vehicle photo (bright car headlight flares and glare rings on dark highway),e42b5ebcc6b198e8b989a133e98e9f686a81afa24ab6b7628697e863ac3661e6
ml/data/domain_gate/adversarial/vehicles/adv_neg_vehicles_016.jpg,vehicles,NON_ASTRONOMICAL,ASTRA Adversarial Suite (vehicles),Night vehicle photo (bright car headlight flares and glare rings on dark highway),5695a95259a1f49e4d9e5e927accec1fb2b747fd967f0c2666e8c83025f46d60
ml/data/domain_gate/adversarial/vehicles/adv_neg_vehicles_017.jpg,vehicles,NON_ASTRONOMICAL,ASTRA Adversarial Suite (vehicles),Night vehicle photo (bright car headlight flares and glare rings on dark highway),ee24a8bfb4da3542944548bbc805bf96553b2bf32391364bd4067a85f8a415c3
ml/data/domain_gate/adversarial/vehicles/adv_neg_vehicles_018.jpg,vehicles,NON_ASTRONOMICAL,ASTRA Adversarial Suite (vehicles),Night vehicle photo (bright car headlight flares and glare rings on dark highway),b397d50a94065d6bb7fcdf4eecfe8e7628b1e8729b8a247ab08b4c4d85f9ea07
ml/data/domain_gate/adversarial/vehicles/adv_neg_vehicles_019.jpg,vehicles,NON_ASTRONOMICAL,ASTRA Adversarial Suite (vehicles),Night vehicle photo (bright car headlight flares and glare rings on dark highway),86155d8136c56225c9289444a57228f7fd653990856c3f64c6128a67d4941e51
ml/data/domain_gate/adversarial/vehicles/adv_neg_vehicles_020.jpg,vehicles,NON_ASTRONOMICAL,ASTRA Adversarial Suite (vehicles),Night vehicle photo (bright car headlight flares and glare rings on dark highway),b8b43573f2d1aa81bf0a2f9d6a44e72ffba9a68698c7ee0090b73be524593587
ml/data/domain_gate/adversarial/people/adv_neg_people_001.jpg,people,NON_ASTRONOMICAL,ASTRA Adversarial Suite (people),Human portrait in dark room lit by bright mobile phone screen glow,0f7108d8c5fd68ddfc5f6da38adf784e5ce5d95f779ceb7e17e6eda9d8c3101d
ml/data/domain_gate/adversarial/people/adv_neg_people_002.jpg,people,NON_ASTRONOMICAL,ASTRA Adversarial Suite (people),Human portrait in dark room lit by bright mobile phone screen glow,75f6a1193d8ef8669b168920efceecbe2b105382b86fa3f5d2f3eb0b74d18919
ml/data/domain_gate/adversarial/people/adv_neg_people_003.jpg,people,NON_ASTRONOMICAL,ASTRA Adversarial Suite (people),Human portrait in dark room lit by bright mobile phone screen glow,99378c5ac310831f5cc22a577f140d4a6eeaa91c99ee2889470b530efc0ef7a7
ml/data/domain_gate/adversarial/people/adv_neg_people_004.jpg,people,NON_ASTRONOMICAL,ASTRA Adversarial Suite (people),Human portrait in dark room lit by bright mobile phone screen glow,c0018538b7aa19928aa27504e4c37f2491895b9a91db86be8635941cbaf059d5
ml/data/domain_gate/adversarial/people/adv_neg_people_005.jpg,people,NON_ASTRONOMICAL,ASTRA Adversarial Suite (people),Human portrait in dark room lit by bright mobile phone screen glow,5c71081f93165c4d8ed78b2915e8080ace35c9a8617e365eb395e278c62be88b
ml/data/domain_gate/adversarial/people/adv_neg_people_006.jpg,people,NON_ASTRONOMICAL,ASTRA Adversarial Suite (people),Human portrait in dark room lit by bright mobile phone screen glow,1fc879df831035250fbff36d3d6cbe7e635098713ac9933722949a1344348bbc
ml/data/domain_gate/adversarial/people/adv_neg_people_007.jpg,people,NON_ASTRONOMICAL,ASTRA Adversarial Suite (people),Human portrait in dark room lit by bright mobile phone screen glow,3e2310794d511f24c688d33c0225c8b5821de06708fcaf96344dea49dab6d843
ml/data/domain_gate/adversarial/people/adv_neg_people_008.jpg,people,NON_ASTRONOMICAL,ASTRA Adversarial Suite (people),Human portrait in dark room lit by bright mobile phone screen glow,29048445de0fd8c6d88efc5bee08464a4f0701c5abde2688559dc6ea9d2cc701
ml/data/domain_gate/adversarial/people/adv_neg_people_009.jpg,people,NON_ASTRONOMICAL,ASTRA Adversarial Suite (people),Human portrait in dark room lit by bright mobile phone screen glow,b6e22431cef3a9956db2b05f0dd4dda38a6b73accfe2b01e9b2fdfd2e871071c
ml/data/domain_gate/adversarial/people/adv_neg_people_010.jpg,people,NON_ASTRONOMICAL,ASTRA Adversarial Suite (people),Human portrait in dark room lit by bright mobile phone screen glow,b176eea6c3152062a97fc398b2d1a8561c5daa75c5c0ab6c2f78edbfff0dca78
ml/data/domain_gate/adversarial/people/adv_neg_people_011.jpg,people,NON_ASTRONOMICAL,ASTRA Adversarial Suite (people),Human portrait in dark room lit by bright mobile phone screen glow,061f82a12ce427f202da85be1af1a7588adb9d76f147445897cc551a83173794
ml/data/domain_gate/adversarial/people/adv_neg_people_012.jpg,people,NON_ASTRONOMICAL,ASTRA Adversarial Suite (people),Human portrait in dark room lit by bright mobile phone screen glow,c2c39755ed5b58a5b915318ec8c77d403dd866c7848a8a421a99dfafcb9bd9ee
ml/data/domain_gate/adversarial/people/adv_neg_people_013.jpg,people,NON_ASTRONOMICAL,ASTRA Adversarial Suite (people),Human portrait in dark room lit by bright mobile phone screen glow,e397c106fccc92a910588b672f3557c556e6ed56350cfb731e2665880c281cca
ml/data/domain_gate/adversarial/people/adv_neg_people_014.jpg,people,NON_ASTRONOMICAL,ASTRA Adversarial Suite (people),Human portrait in dark room lit by bright mobile phone screen glow,3e9fe8d0170afa59880eb1876417dcb089a8c2058ddf027678d989ad3a00ef72
ml/data/domain_gate/adversarial/people/adv_neg_people_015.jpg,people,NON_ASTRONOMICAL,ASTRA Adversarial Suite (people),Human portrait in dark room lit by bright mobile phone screen glow,ef37fe7b437dc38d36b78f5060f0975028094ed45eb1a3e25501cffc3c51bd3d
ml/data/domain_gate/adversarial/people/adv_neg_people_016.jpg,people,NON_ASTRONOMICAL,ASTRA Adversarial Suite (people),Human portrait in dark room lit by bright mobile phone screen glow,af59aeac06270d510310109bd194ae187b91f2d386321d2c30d7580507d3f308
ml/data/domain_gate/adversarial/people/adv_neg_people_017.jpg,people,NON_ASTRONOMICAL,ASTRA Adversarial Suite (people),Human portrait in dark room lit by bright mobile phone screen glow,b92f7ddbe442a44d868e9bb660f5c6ec2cab2bec2b688eb4f81dfad4e8066513
ml/data/domain_gate/adversarial/people/adv_neg_people_018.jpg,people,NON_ASTRONOMICAL,ASTRA Adversarial Suite (people),Human portrait in dark room lit by bright mobile phone screen glow,4c3e530cc78f3463bf1ef33cc1dbd6502973d16db622fa867da3e89233044d1f
ml/data/domain_gate/adversarial/people/adv_neg_people_019.jpg,people,NON_ASTRONOMICAL,ASTRA Adversarial Suite (people),Human portrait in dark room lit by bright mobile phone screen glow,a01f04638bf4641796a667b0175ba46813947a2e2e8ca527dff593562e1a1205
ml/data/domain_gate/adversarial/people/adv_neg_people_020.jpg,people,NON_ASTRONOMICAL,ASTRA Adversarial Suite (people),Human portrait in dark room lit by bright mobile phone screen glow,4b45c656753096fbf9e3c7bb24e085ec96f85a143aac5499e37dbdfec401039e
ml/data/domain_gate/adversarial/other/adv_neg_other_001.jpg,other,NON_ASTRONOMICAL,ASTRA Adversarial Suite (other),Dark abstract desktop wallpaper with colorful out-of-focus optical bokeh circles,ca99a3e32a555f7976d910e4f39dcb65bbbd9201b1ce6465d36543f1b6e48884
ml/data/domain_gate/adversarial/other/adv_neg_other_002.jpg,other,NON_ASTRONOMICAL,ASTRA Adversarial Suite (other),Dark abstract desktop wallpaper with colorful out-of-focus optical bokeh circles,dc97888430264a9dc54517756c9426f590f1c5ef1a687768ee10573d4f6cf1bc
ml/data/domain_gate/adversarial/other/adv_neg_other_003.jpg,other,NON_ASTRONOMICAL,ASTRA Adversarial Suite (other),Dark abstract desktop wallpaper with colorful out-of-focus optical bokeh circles,10bc6df513822a3b67bb51fed8579e8b07d099d187d3de4fadd0a272d643705b
ml/data/domain_gate/adversarial/other/adv_neg_other_004.jpg,other,NON_ASTRONOMICAL,ASTRA Adversarial Suite (other),Dark abstract desktop wallpaper with colorful out-of-focus optical bokeh circles,58737a6e52e61b14bdc649d54f5684ba2812329a48900cbc70a1e42d33f53295
ml/data/domain_gate/adversarial/other/adv_neg_other_005.jpg,other,NON_ASTRONOMICAL,ASTRA Adversarial Suite (other),Dark abstract desktop wallpaper with colorful out-of-focus optical bokeh circles,34963724ac8f53b794771cd7616a6455ed9a04ad3275039f2a1e5ad1717df232
ml/data/domain_gate/adversarial/other/adv_neg_other_006.jpg,other,NON_ASTRONOMICAL,ASTRA Adversarial Suite (other),Dark abstract desktop wallpaper with colorful out-of-focus optical bokeh circles,9851407575ae6f7b87d617e6042cddb37cd57e5f321c4554e3b23733dded4b5e
ml/data/domain_gate/adversarial/other/adv_neg_other_007.jpg,other,NON_ASTRONOMICAL,ASTRA Adversarial Suite (other),Dark abstract desktop wallpaper with colorful out-of-focus optical bokeh circles,844456215e69b4a1fa2d2784c208235566bb184ea9b617d0d6e2246a052ee51b
ml/data/domain_gate/adversarial/other/adv_neg_other_008.jpg,other,NON_ASTRONOMICAL,ASTRA Adversarial Suite (other),Dark abstract desktop wallpaper with colorful out-of-focus optical bokeh circles,9e19c3adfafb802092fefa09f4afceed1a566f90dc5ea98f6fa76fad8bc12bc0
ml/data/domain_gate/adversarial/other/adv_neg_other_009.jpg,other,NON_ASTRONOMICAL,ASTRA Adversarial Suite (other),Dark abstract desktop wallpaper with colorful out-of-focus optical bokeh circles,40e2c023bfc79a3f7f4e9c023bf21e0cc6ac7ff0fab1e7f25a08b35d14d2d3d7
ml/data/domain_gate/adversarial/other/adv_neg_other_010.jpg,other,NON_ASTRONOMICAL,ASTRA Adversarial Suite (other),Dark abstract desktop wallpaper with colorful out-of-focus optical bokeh circles,2c0023887bd185c8a96340341e2a968822b0972b5a104317578818d8adc14dd7
ml/data/domain_gate/adversarial/other/adv_neg_other_011.jpg,other,NON_ASTRONOMICAL,ASTRA Adversarial Suite (other),Dark abstract desktop wallpaper with colorful out-of-focus optical bokeh circles,22fdd911d81981f419209d49e5d49c35db0a139b0ad1d04890a4b6b1c0d89d4e
ml/data/domain_gate/adversarial/other/adv_neg_other_012.jpg,other,NON_ASTRONOMICAL,ASTRA Adversarial Suite (other),Dark abstract desktop wallpaper with colorful out-of-focus optical bokeh circles,c3a0b6c1c78730f756c8759512bf480d2d4e93868f818bdbd74060f31478fa00
ml/data/domain_gate/adversarial/other/adv_neg_other_013.jpg,other,NON_ASTRONOMICAL,ASTRA Adversarial Suite (other),Dark abstract desktop wallpaper with colorful out-of-focus optical bokeh circles,03f96dd06be324b5471a2f482b15c83d74f99c77fe03afd794404b44b891c2f8
ml/data/domain_gate/adversarial/other/adv_neg_other_014.jpg,other,NON_ASTRONOMICAL,ASTRA Adversarial Suite (other),Dark abstract desktop wallpaper with colorful out-of-focus optical bokeh circles,62eabc00481768ff829b36d58725102c47d69015c0d42013288de48aeb39af95
ml/data/domain_gate/adversarial/other/adv_neg_other_015.jpg,other,NON_ASTRONOMICAL,ASTRA Adversarial Suite (other),Dark abstract desktop wallpaper with colorful out-of-focus optical bokeh circles,a23c6fb94a7c03f758d7a542b77a182b4e26b6f2ca02598dd4aad7611c64b90a
ml/data/domain_gate/adversarial/other/adv_neg_other_016.jpg,other,NON_ASTRONOMICAL,ASTRA Adversarial Suite (other),Dark abstract desktop wallpaper with colorful out-of-focus optical bokeh circles,b725d2c5c14624e148ccae3c754268b33540faabd1535650456feaf2903ff43f
ml/data/domain_gate/adversarial/other/adv_neg_other_017.jpg,other,NON_ASTRONOMICAL,ASTRA Adversarial Suite (other),Dark abstract desktop wallpaper with colorful out-of-focus optical bokeh circles,32f8b1d71649b8efa25681c5ce092983a096241ff79bfba2f9d762ab83b1b04a
ml/data/domain_gate/adversarial/other/adv_neg_other_018.jpg,other,NON_ASTRONOMICAL,ASTRA Adversarial Suite (other),Dark abstract desktop wallpaper with colorful out-of-focus optical bokeh circles,b2efbccee22fab96bdf8ab3019794995d8292187829c90850dbf9a9a176ee63f
ml/data/domain_gate/adversarial/other/adv_neg_other_019.jpg,other,NON_ASTRONOMICAL,ASTRA Adversarial Suite (other),Dark abstract desktop wallpaper with colorful out-of-focus optical bokeh circles,03d350b4b20b5194b823c9824ec5a8532e5dfcbfcce4d97b45b8785e466df99b
ml/data/domain_gate/adversarial/other/adv_neg_other_020.jpg,other,NON_ASTRONOMICAL,ASTRA Adversarial Suite (other),Dark abstract desktop wallpaper with colorful out-of-focus optical bokeh circles,25392aa7b7607c7c820d9960e89fd643ef35c79ff154a7ad7bf0578deb92bcdf
